,認定支援機関名
株式会社SoLabo,170
京都信用金庫,79
大阪信用金庫,64
東京商工会議所,64
京都中央信用金庫,62
株式会社フラッグシップ経営,61
株式会社ゼロプラス,50
株式会社池田泉州銀行,50
株式会社京都銀行,48
株式会社常陽銀行,48
株式会社エフアンドエム,47
株式会社静岡銀行,45
株式会社名古屋銀行,45
株式会社八十二銀行,42
北浜グローバル経営株式会社,42
大阪シティ信用金庫,41
シェアビジョン株式会社,41
株式会社りそな銀行,39
株式会社千葉銀行,38
株式会社群馬銀行,38
株式会社中国銀行,38
株式会社商工組合中央金庫,38
株式会社滋賀銀行,36
株式会社北陸銀行,36
岐阜信用金庫,36
株式会社十六銀行,36
株式会社シャイン総研,34
株式会社北洋銀行,34
尼崎信用金庫,34
坪井 亮,33
西武信用金庫,33
株式会社関西みらい銀行,32
株式会社愛知銀行,32
株式会社三菱UFJ銀行,31
城南信用金庫,30
株式会社ジャストコンサルティング,30
株式会社meditips,30
碧海信用金庫,30
兵庫県商工会連合会,29
株式会社コムラッドファームジャパン,29
株式会社広島銀行,28
株式会社伊予銀行,28
株式会社足利銀行,27
株式会社鹿児島銀行,26
株式会社みなと銀行,26
株式会社但馬銀行,25
株式会社大垣共立銀行,25
株式会社アクセルパートナーズ,25
株式会社紀陽銀行,25
株式会社北國銀行,23
株式会社肥後銀行,23
多摩信用金庫,23
株式会社山陰合同銀行,23
松尾 基司,22
株式会社福井銀行,22
福岡県商工会連合会,21
株式会社みずほ銀行,21
株式会社東和銀行,21
株式会社山形銀行,20
東京中央経営株式会社,20
株式会社百五銀行,20
井上大輔,20
株式会社横浜銀行,20
,20
株式会社Blue Finback,19
株式会社フロウシンク,19
横浜信用金庫,19
但陽信用金庫,19
株式会社第四北越銀行,19
北おおさか信用金庫,19
株式会社三井住友銀行,18
株式会社七十七銀行,18
株式会社アサユナイト,18
株式会社南都銀行,18
浜松磐田信用金庫,18
株式会社MS&Consulting,18
群馬県商工会連合会,17
株式会社フォーバル,17
熊本県商工会連合会,17
株式会社大分銀行,17
川崎信用金庫,16
ひまわり経営サポート株式会社,16
株式会社清水銀行,16
MASTコンサルティング株式会社,16
静岡県商工会連合会,16
朝日信用金庫,16
岡崎信用金庫,16
奈良県商工会連合会,16
しずおか焼津信用金庫,15
株式会社アカウティングプロ,15
株式会社埼玉りそな銀行,15
株式会社筑波銀行,15
沖縄県商工会連合会,15
三島信用金庫,14
公益財団法人石川県産業創出支援機構,14
井上 拳,14
Scheeme株式会社,14
埼玉県商工会連合会,14
株式会社リアリゼイション,14
尾関 亮,14
東京東信用金庫,14
山梨県商工会連合会,14
松代 和也,14
巣鴨信用金庫,13
株式会社百十四銀行,13
株式会社三十三銀行,13
さわやか信用金庫,13
北村 亮太,13
株式会社ダイワマネジメント,13
東京都商工会連合会,13
小倉 裕樹,13
株式会社大三経営事務所,13
石山 賢,13
阿波銀コンサルティング株式会社,13
株式会社武蔵野銀行,13
株式会社もみじ銀行,13
みどり合同税理士法人,13
岡山県商工会連合会,13
札幌商工会議所,13
株式会社北海道銀行,13
税理士法人ASC,13
野竿 健悟,12
司 浩史,12
長野信用金庫,12
協同組合さいたま総合研究所,12
税理士法人決断サポート,12
白川 淳一,12
豊橋信用金庫,12
税理士法人末松会計事務所,12
帯広信用金庫,12
株式会社阿波銀行,12
株式会社富山第一銀行,12
高松 佑,12
広島信用金庫,12
株式会社タスクールPlus,12
TM人事労務コンサルティング株式会社,12
東濃信用金庫,12
株式会社ジエック経営コンサルタント,11
株式会社エモーサル,11
株式会社山口銀行,11
行政書士法人jinjer,11
株式会社栃木銀行,11
北九州商工会議所,11
京都府商工会連合会,11
島田掛川信用金庫,11
株式会社AGSコンサルティング,11
公益財団法人わかやま産業振興財団,11
瀬戸信用金庫,11
株式会社西日本シティ銀行,11
株式会社長野銀行,10
新城 裕史,10
株式会社宮崎銀行,10
税理士法人アップパートナーズ,10
水戸信用金庫,10
那覇商工会議所,10
茨城県商工会連合会,10
福岡商工会議所,10
株式会社山梨中央銀行,10
寺崎 兼司,10
塩津 友輝,10
播州信用金庫,10
株式会社きらぼし銀行,10
税理士法人Real&Cloud,10
パイオニアブレイン株式会社,10
埼玉縣信用金庫,9
高松信用金庫,9
株式会社徳島大正銀行,9
一般社団法人福島県中小企業診断協会,9
松下 隆信,9
姫路商工会議所,9
長野県商工会連合会,9
株式会社トマト銀行,9
熊本商工会議所,9
滋賀県商工会連合会,9
株式会社岩手銀行,9
神戸商工会議所,9
長崎県商工会連合会,9
株式会社四国銀行,9
飯田信用金庫,9
のと共栄信用金庫,9
魚谷 康行,8
株式会社京葉銀行,8
セブンセンス税理士法人,8
廣岡 茂男,8
株式会社アライブビジネス,8
AMEC株式会社,8
株式会社南日本銀行,8
大倉 宏治,8
合同会社G&N,8
北海道商工会連合会,8
呉信用金庫,8
株式会社RAD,8
岐阜県商工会連合会,8
岡山県経営コンサルタント事業協同組合,8
静清信用金庫,8
淡路信用金庫,8
高知商工会議所,8
株式会社青森銀行,8
堀江コンサルティングオフィス株式会社,8
株式会社GIMS,8
株式会社佐賀銀行,8
山本 文則,8
一瀬 章,8
VSpirits経営戦略研究所株式会社,8
愛媛県商工会連合会,8
株式会社愛媛銀行,8
株式会社市岡経営支援事務所,8
ReworQ税理士法人,8
丸山 達也,7
足立成和信用金庫,7
但馬信用金庫,7
アルプス中央信用金庫,7
大阪商工会議所,7
鹿沼相互信用金庫,7
千葉 勇人,7
株式会社High Adoption,7
株式会社沖縄銀行,7
株式会社イソシエ,7
株式会社福岡銀行,7
一般社団法人城西コンサルタントグループ,7
株式会社みちのく銀行,7
飯塚信用金庫,7
瀬 哲也,7
増田 考邦,7
株式会社北日本銀行,7
株式会社北都銀行,7
株式会社西京銀行,7
愛知県商工会連合会,7
株式会社ChokoChip,7
株式会社NKKソリューションズ,7
川越商工会議所,7
株式会社中京銀行,7
株式会社香川銀行,7
須永 達也,7
興産信用金庫,7
株式会社豊和銀行,7
光畑 裕貴,7
株式会社みどり合同経営,7
株式会社大光銀行,7
加藤 祐輔,7
観音寺信用金庫,7
中日信用金庫,7
西尾信用金庫,7
飯能信用金庫,7
岡崎商工会議所,7
横浜商工会議所,6
佐藤淳,6
川口信用金庫,6
徳島県商工会連合会,6
税理士法人GNs,6
銚子信用金庫,6
松井 洋治,6
特定非営利活動法人tnc中小企業支援センター,6
長谷 有希央,6
税理士法人ウィズラン,6
駒田 裕次郎,6
広島県商工会連合会,6
クレアスト株式会社,6
森藤 啓治郎,6
第一勧業信用組合,6
兒玉 洋貴,6
鳥取県商工会連合会,6
芝信用金庫,6
岡山商工会議所,6
株式会社ビジネスモデルサイエンス,6
株式会社シザコンサルティング,6
水島信用金庫,6
西兵庫信用金庫,6
株式会社 Gサポート,6
株式会社千葉興業銀行,6
補助金活用支援会合同会社,6
鹿児島県商工会連合会,6
株式会社福邦銀行,6
甲府信用金庫,6
近畿産業信用組合,6
都留信用組合,6
経営ビューイング株式会社,6
Right Arm株式会社,6
京都北都信用金庫,6
座間 裕史,6
中村 哲也,6
岩手県商工会連合会,6
株式会社tsumugi,6
永和信用金庫,6
株式会社日本修身経営,6
いちい信用金庫,6
稲山哲智,6
蒲郡信用金庫,6
宮崎県商工会連合会,6
奥岡 亮太,6
浮島 達雄,6
牛腸 真司,6
北大阪商工会議所,6
福井県商工会連合会,6
岡田 悦子,6
京都商工会議所,6
立野 靖人,6
姫路信用金庫,6
りそな総合研究所株式会社,5
経営サポート株式会社,5
北見信用金庫,5
日新信用金庫,5
大串 和義,5
アプリコット株式会社,5
宮城県商工会連合会,5
和歌山商工会議所,5
大分県商工会連合会,5
ウィズアップ税理士法人,5
大東京信用組合,5
福島県商工会連合会,5
かながわ信用金庫,5
島根県商工会連合会,5
富士信用金庫,5
税理士法人あおば,5
井之川 宗弘,5
遠州信用金庫,5
鈴木 康一郎,5
近山 寿博,5
株式会社荘内銀行,5
SBCパートナーズ税理士法人,5
名古屋商工会議所,5
知多信用金庫,5
千葉信用金庫,5
瀬崎 昌彦,5
兵庫太和税理士法人,5
伊村 睦男,5
惠美須丈史,5
城北信用金庫,5
尾西信用金庫,5
静岡商工会議所,5
株式会社btobee,5
税理士法人優和,5
税理士法人さくら優和パートナーズ,5
コンサルファーム群馬株式会社,5
森本 晃弘,5
日本みらい税理士法人,5
バンカーズアンドアソシエイツ株式会社,5
朝日ビジネスサービス株式会社,5
公益財団法人神奈川産業振興センター,5
伊藤 央,5
税理士法人井村アンドパートナーズ,5
おかやま信用金庫,5
森 憲一郎,5
西川貴人,5
株式会社ABKビジネスパートナーズ,5
ペンデル税理士法人,5
尼崎商工会議所,5
カタチクリエイト株式会社,5
株式会社uluコンサルタンツ,5
辻 拓真,5
株式会社Miraile,5
桐生信用金庫,5
株式会社島根銀行,5
茨城県信用組合,5
ノーサイド行政書士法人,5
税理士法人横浜総合事務所,4
久留米商工会議所,4
古町 聖文,4
株式会社佐賀共栄銀行,4
中居 広行,4
三重県商工会連合会,4
柏商工会議所,4
町田商工会議所,4
青梅信用金庫,4
税理士法人ロールスパートナーズ,4
仙波 洋平,4
リードブレーン株式会社,4
株式会社東日本銀行,4
昭和信用金庫,4
サポート行政書士法人,4
税理士法人広瀬,4
大津商工会議所,4
株式会社ビジネスリノベーション,4
山田 周作,4
事業承継コンサルティング株式会社,4
滋賀中央信用金庫,4
五味田 匡功,4
北村 耕司,4
大槻 直志,4
西田 和倫,4
濱高 大,4
税理士法人フューチャーコンサルティング,4
東京シティ信用金庫,4
吉田 正人,4
福井信用金庫,4
株式会社GKコンサルティング,4
株式会社鳥取銀行,4
大野商工会議所,4
和歌山県商工会連合会,4
福井商工会議所,4
岩井 久典,4
石川県商工会連合会,4
株式会社WellFlags,4
近藤 智也,4
新湊信用金庫,4
表 順一,4
富山県信用組合,4
富山信用金庫,4
神奈川県中小企業団体中央会,4
湘南信用金庫,4
つばさ税理士法人,4
燕商工会議所,4
株式会社静岡中央銀行,4
後藤 公平,4
山梨信用金庫,4
トラストブレインズ株式会社,4
諏訪信用金庫,4
ストラーダビジネスサポート株式会社,4
みらいコンサルティング株式会社,4
高知県商工会連合会,4
豊田信用金庫,4
河村裕司,4
株式会社ピースマネジメント,4
東春信用金庫,4
豊川信用金庫,4
一般社団法人香川県中小企業診断士協会,4
税理士法人すばる会計,4
税理士法人アクシス,4
株式会社TREE,4
徳島信用金庫,4
嶋田 景太,4
榎並 由洋,4
株式会社エコ・ブレーンズ,4
星 雄仁,4
松本 佳之,4
川上 正人,4
岡田 卓也,4
山崎記敬,4
高橋 英明,4
瑛智税理士法人,4
鹿児島相互信用金庫,4
株式会社キクチカラ,4
森 健輔,4
トリプルナイン株式会社,4
鹿児島商工会議所,4
小澤 竜一郎,4
伊万里信用金庫,4
小峰 俊雄,4
鈴木 ゆい,4
株式会社DAN,4
ベンチャーパートナーズ株式会社,4
しののめ信用金庫,4
株式会社秋田銀行,4
株式会社西河マネジメントセンター,4
株式会社仙台銀行,4
青い森信用金庫,4
西岡 昭彦,4
滝田 薫,4
山形県商工会連合会,4
有限会社クレメンティア,4
井下 佳郎,4
株式会社東邦銀行,4
株式会社New Beginnings Japan,4
株式会社地方創生推進協同機構,4
一般社団法人日本中小企業継続支援士協会,4
株式会社ABCオフィス,4
アイジータックス税理士法人,4
株式会社東京経営サポーター,4
合同会社バリューアップ,4
シーアンドエイチコンサルティング合同会社,4
亀有信用金庫,4
SMC税理士法人,3
福田 虎大郎,3
広島商工会議所,3
梅原浩一,3
中村 清悟,3
大地みらい信用金庫,3
楡井 宏志,3
浦田幸一,3
水谷 弘隆,3
小松原 史雄,3
若杉 拓弥,3
株式会社アタックス・ビジネス・コンサルティング,3
桑名三重信用金庫,3
株式会社村井,3
株式会社アークス,3
ArrowS株式会社,3
EXPACT株式会社,3
玉島信用金庫,3
早瀬 達,3
愛知県中央信用組合,3
服部 峻介,3
八尾商工会議所,3
熊本第一信用金庫,3
玉野商工会議所,3
一宮商工会議所,3
翔陽コンサルティング株式会社,3
土田 高記,3
秋田県商工会連合会,3
本多 剛士,3
長崎商工会議所,3
宮田 大,3
株式会社きらやか銀行,3
新都税理士法人浅野事務所,3
權田 成悟,3
パートナーズプロジェクト税理士法人,3
エイアンドシープラス株式会社,3
株式会社エイチ・エーエル,3
北田 健太,3
畑 明敏,3
一般社団法人九州広域行政事務支援機構,3
江 貴一,3
合同会社RYDEEN,3
佐々木 智浩,3
菅原 寅太郎,3
倉智 武彦,3
山田 健一,3
西中国信用金庫,3
税理士法人内田会計事務所,3
光商工会議所,3
大阪商工信用金庫,3
半田信用金庫,3
山部 浩平,3
株式会社フィールドマネジメント,3
秋井 正宏,3
茨木商工会議所,3
広島県中小企業団体中央会,3
尾 素之,3
高橋 巧磨,3
株式会社あさひC&C Office,3
株式会社沖縄海邦銀行,3
窪 孝史,3
株式会社富山銀行,3
富山県商工会連合会,3
下館商工会議所,3
A2Aリンク株式会社,3
大垣西濃信用金庫,3
磯貝 常太,3
岐阜商工信用組合,3
ピュア・ハート・コンサルティング株式会社,3
公益財団法人大分県産業創造機構,3
税理士法人小川会計,3
鹿沼商工会議所,3
栃木商工会議所,3
兵庫信用金庫,3
小林 孝至,3
高岡信用金庫,3
岩本 大輔,3
アドバンスト・エム株式会社,3
松本信用金庫,3
伊那商工会議所,3
長野県信用組合,3
甲府商工会議所,3
美斉津 晃,3
齋藤 由宇,3
北村 尚也,3
株式会社 タクト経済研究所,3
税理士法人中山会計,3
金 卓也,3
金沢信用金庫,3
税理士法人宮田会計,3
小野 孝二,3
馬渕 智幸,3
東 健司,3
兵庫県信用組合,3
株式会社熊本銀行,3
株式会社イワサキ経営,3
株式会社神奈川銀行,3
大分県信用組合,3
松村 義信,3
富士宮商工会議所,3
大桑 克博,3
大分みらい信用金庫,3
赤田 健行,3
平塚信用金庫,3
中村 晃,3
公益財団法人沖縄県産業振興公社,3
橋本商工会議所,3
柿塚 英樹,3
アイオー信用金庫,3
高橋邑伍,3
熱海商工会議所,3
千葉県商工会連合会,3
株式会社中央ビジネスグループ,3
木 利彦,3
鎌倉商工会議所,3
中原 広一,3
公益財団法人岐阜県産業経済振興センター,3
高瀬 加奈子,3
さがみ信用金庫,3
服部 貴行,3
折原 麻衣子,3
公益財団法人横浜企業経営支援財団,3
株式会社フライングサポート,3
京都紫明税理士法人,3
株式会社福島銀行,3
井上 裕光,3
税理士法人 浅野会計事務所,3
株式会社グッドビジネスパートナーズ,3
齊藤 祐一,3
株式会社ProsWork,3
株式会社十八親和銀行,3
島本 昌一,3
中山 達,3
吉川 順子,3
株式会社北九州銀行,3
佐賀県商工会連合会,3
川橋 隆則,3
株式会社ビズグランツ,3
株式会社OAGコンサルティング,3
銀座スフィア税理士法人,3
金恵蓮,3
芦谷義一,3
木村 壮太郎,3
筑後信用金庫,3
松成 文貴,3
岩佐 修二,3
唐津商工会議所,3
税理士法人ミライト・パートナーズ,3
猪口 建太朗,3
辻・本郷ビジネスコンサルティング株式会社,3
福岡県信用組合,3
富永 一也,3
エース税理士法人,3
税理士法人福井・林財産コンサルタンツ,3
有限会社えんがわ,3
株式会社アルファコンサルティング,3
打越 大輔,3
佐原信用金庫,3
株式会社グッドパートナーズ,3
青山裕之,3
レンタルEC株式会社,3
西岡 隆,3
森田 昇,3
株式会社Rコンサル,3
佐久間 達也,3
ウィズ経営コンサルティング株式会社,3
伊勢商工会議所,3
佐倉商工会議所,2
熊本信用金庫,2
吉川 広崇,2
廣瀬 好伸,2
澁谷 宗紀,2
薄井 保男,2
南 博光,2
静岡県中小企業団体中央会,2
東野 礼,2
常盤 直也,2
大和信用金庫,2
吉野 康太,2
藤浦 敏明,2
奈良商工会議所,2
G.S.ブレインズ税理士法人,2
木 良輔,2
丸山 千寿,2
本出 一正,2
灰谷 直樹,2
沼津信用金庫,2
浜 俊一,2
伊勢崎商工会議所,2
税理士法人アーリークロス,2
公益財団法人奈良県地域産業振興センター,2
木村 美都子,2
北澤 淳,2
株式会社Ideal Works,2
藤原 靖典,2
ヒッドワークス合同会社,2
アルタス・パートナーズ合同会社,2
笑顔商店株式会社,2
吉川 和良,2
山田 陽介,2
山根誠司,2
山形第一信用組合,2
コザ信用金庫,2
山岸 康也,2
鬼塚 明日海,2
檜垣 典仁,2
笠岡信用組合,2
宮里 悠司,2
木村 祐司,2
高崎商工会議所,2
後藤 英,2
井上奈穂子,2
地域創生Media&Curation合同会社,2
株式会社BAUM MANAGEMENT,2
渡邊 寧子,2
税理士法人中央総合会計,2
税理士法人久遠,2
旭川信用金庫,2
株式会社みらい経営,2
株式会社打越会計事務所,2
税理士法人矢尾井会計,2
内田 哲夫,2
タックスパートナー税理士法人,2
瀬藤 啓司,2
税理士法人創研,2
新大和税理士法人,2
公益財団法人群馬県産業支援機構,2
春日井商工会議所,2
星野 裕司,2
和喜田 勤,2
櫛田 祐一,2
船橋商工会議所,2
館林商工会議所,2
タスキー税理士法人,2
丹野 覚,2
株式会社ケーエーマネジメントオフィス,2
公益財団法人鳥取県産業振興機構,2
税理士法人オーケーパートナー,2
株式会社 ビレッジ開発,2
片岡 誠司,2
内藤 義光,2
公益財団法人 しまね産業振興財団,2
友野 行晴,2
あかねパートナーズ株式会社,2
株式会社ワタオカS&C,2
有限会社大石ビジネスコンサルティング,2
アイネックス税理士法人,2
草津商工会議所,2
イマジネーション・ヴィレッジ株式会社,2
北上信用金庫,2
MSC税理士法人,2
廣瀬 陽介,2
会津商工信用組合,2
税理士法人あすなろ,2
株式会社ケーエフエス,2
秦博雅,2
経営創研株式会社,2
花木 栄治,2
霧島商工会議所,2
鈴木 正子,2
経営相談有限会社,2
SWOT有限会社,2
飛田 幸作,2
久保田 昌宏,2
株式会社KSビジネスコンサルティング,2
株式会社WEEVA,2
烏山信用金庫,2
池村 尚弘,2
飛?信用組合,2
森下 勉,2
丸山 学,2
鈴木 勇二,2
箕面商工会議所,2
新発田信用金庫,2
新潟商工会議所,2
宇都宮商工会議所,2
西宮商工会議所,2
株式会社群馬マーケティングセンター,2
小山商工会議所,2
岩橋 亮,2
喜田 佳映里,2
網走信用金庫,2
関谷 満,2
一般社団法人共創デザイン総合研究所,2
新潟県商工会連合会,2
福井寛之,2
株式会社シーエイティ,2
島 公生,2
税理士法人HYK,2
吉田 学,2
株式会社田中経営パートナー,2
株式会社浜銀総合研究所,2
福本 功,2
山本 喜広,2
大八木 勇毅,2
中栄信用金庫,2
藤沢商工会議所,2
足利小山信用金庫,2
さきがけ税理士法人,2
株式会社サクシード,2
大田 敏博,2
株式会社イストワール,2
馬場浩平,2
一般財団法人南都経済研究所,2
株式会社ラディカルソリューション,2
中井 一,2
日 強,2
公益財団法人くれ産業振興センター,2
アイアンドアイ株式会社,2
中津川商工会議所,2
株式会社セームページ,2
湯浅 達志,2
北伊勢上野信用金庫,2
小森 俊,2
株式会社八咲,2
山口 大輔,2
福島県中小企業団体中央会,2
株式会社MBコンサル,2
公益財団法人21あおもり産業総合支援センター,2
安藤 幹根,2
御堂筋税理士法人,2
佐藤 勇樹,2
株式会社ウィズダムコンサルタンツ,2
三条信用金庫,2
関山 潤一,2
神奈川県商工会連合会,2
浜松商工会議所,2
空知信用金庫,2
小田原箱根商工会議所,2
新潟信用金庫,2
株式会社CSDコンサルタンツ,2
菊池 武広,2
土肥 健夫,2
BMSアソシエイツ株式会社,2
網走商工会議所,2
深津勝哉,2
株式会社とちぎんキャピタル&コンサルティング,2
花山 和士,2
仙台商工会議所,2
鹿島商工会議所,2
群馬県信用組合,2
株式会社岳南マネジメントプラットフォーム,2
池田 寛太,2
W&T経営デザイン合同会社,2
坂上 志歩,2
伊藤 誠悟,2
税理士法人こうの会計,2
グラーティア税理士法人,2
盛岡商工会議所,2
渡邉 賢,2
富士吉田商工会議所,2
工藤 健人,2
安達 曉宏,2
本倉 淳子,2
豊中商工会議所,2
株式会社中小企業経営支援センター,2
株式会社ルーツ,2
林 恭輔,2
香川県商工会連合会,2
青石 吉司,2
北辰コンサルティング株式会社,2
西岡 幹博,2
株式会社ひたちなかテクノセンター,2
井川 和美,2
戸塚 成樹,2
一般社団法人中小企業診断協会北海道,2
大村商工会議所,2
山口県商工会連合会,2
東山口信用金庫,2
ワイエムコンサルティング株式会社,2
森 健史,2
久保 徹雄,2
内海 妙子,2
武生商工会議所,2
堺商工会議所,2
福岡 正人,2
大城 真樹,2
西浦 啓一郎,2
西京信用金庫,2
税理士法人コンウェイ,2
佐藤 剛,2
尾中税理士法人,2
渡邉 新平,2
前田 慎一郎,2
さいたま商工会議所,2
小浜信用金庫,2
桑原 仁,2
多田 稔,2
平野智一,2
木本 康聖,2
株式会社tzコンサルティング,2
大阪府商工会連合会,2
原田 貴史,2
松原商工会議所,2
MGS税理士法人,2
税理士法人さくら会計,2
税理士法人清正,2
釧路信用金庫,2
株式会社高知銀行,2
大塚 伸宏,2
木 一貴,2
大竹 貴司,2
林 千尋,2
浅井 政晃,2
山崎コンサル株式会社,2
大川 剛義,2
公益財団法人京都産業21,2
太田 範雄,2
株式会社アイピーアトモス,2
有限会社エス・エム・エスコンサルティング,2
園田 嘉生,2
鈴木 義則,2
山田コンサルティンググループ株式会社,2
佐山 壽一,2
グラビス税理士法人,2
行政書士法人アクティス,2
小久保 和人,2
株式会社匠コンサルティング,2
一般社団法人佐久産業支援センター,2
税理士法人名南経営,2
株式会社グランツ・コンサルティング,2
烏野 利勝,2
飯能商工会議所,2
伊藤 公尊,2
上仮屋 貞美,2
一ノ宮 康嗣,2
笹倉 宣也,2
小諸商工会議所,2
中田 麻奈美,2
むさし府中商工会議所,2
ベンチャーサポート税理士法人,2
伊藤 文彦,2
廣木 鑑治,2
H&Aパートナーズ株式会社,2
税理士法人Future Create,2
合同会社ウイン・アクション,2
竹中 啓倫,2
なつみ総研株式会社,2
川井 良訓,2
石田 英二,2
伊藤 智史,2
三橋 心,2
はら経営株式会社,2
北郡信用組合,2
一般社団法人ヒューリットMF,2
朝倉商工会議所,2
高橋 誠,2
西田 重和,2
株式会社経営ソフトリサーチ,2
HTMコンサルティンググループ株式会社,2
浅田 章大,2
上原 航平,2
中嶋 直哉,2
安武 晋司,2
税理士法人リライト,2
若松 敏幸,2
株式会社エム.サポーティング,2
宮崎商工会議所,2
佐世保商工会議所,2
アアル株式会社,2
高崎信用金庫,2
株式会社デジタルスタイル,2
山田 紳太郎,2
税理士法人I do,2
株式会社琉球銀行,2
公益財団法人日立地区産業支援センター,2
梅景 幸一,2
山根 敏宏,2
堀田 幸男,2
鯉沼 和久,2
大川信用金庫,2
岡本 洋平,2
酒田商工会議所,2
福山商工会議所,2
中島 隆宜,2
尾道商工会議所,2
株式会社宮崎太陽銀行,2
野中 隆文,2
都城商工会議所,2
溝田 修司,2
加藤一男,2
税理士法人シンクバンク,2
スズカFAS株式会社,2
株式会社ヒューマンネット・コンサルティング,2
一般社団法人 石川県中小企業診断士会,2
房総信用組合,2
登尾 源一郎,2
糸川 純平,2
尾亦 周平,2
小田隆一,2
津山信用金庫,2
草加商工会議所,2
伊藤 洋介,2
川口商工会議所,2
株式会社ブレインリンク,2
吉岡 晴美,2
一般社団法人首都圏産業活性化協会,2
土橋 一拓,2
一般社団法人SKC経営相談室,2
舩越 玲子,2
齊藤 光介,2
横山 昌司,2
豊田商工会議所,2
結城信用金庫,2
税理士法人FIA,2
特定非営利活動法人東京都北区中小企業経営診断協会,2
水上 和之,2
株式会社わかば経営会計,2
マジェステ株式会社,2
藤原 和重,2
諸 勝文,1
東 幸司,1
村治 規行,1
鹿屋商工会議所,1
安藤 亮史,1
守口門真商工会議所,1
横尾 美晴,1
小元 文隆,1
松田 峰成,1
株式会社マドック,1
細川 佳但,1
大分商工会議所,1
永田 強士,1
宮古島商工会議所,1
株式会社MHCアドバイザリーサービス,1
浅井 健吾,1
得田 政臣,1
牛深商工会議所,1
株式会社NEKOKEN,1
税理士法人オークラ会計事務所,1
西本 寛,1
十 茂,1
松田 講明,1
中本美智子,1
長尾 豊嗣,1
古家後 達郎,1
白井 利明,1
野澤 正太,1
上田 明雄,1
CREST税理士法人,1
みんなの税理士法人,1
田中 一郎,1
税理士法人 池田会計事務所,1
リトラス税理士法人,1
松岡 保彦,1
税理士法人KJグループ,1
田川 智洋,1
天野 邦郎,1
松 真則,1
米田 茂,1
北摂マーケティング合同会社,1
中嶋 崇,1
岩崎 弘之,1
株式会社CFサポート,1
市竹 敦,1
近畿税理士法人,1
税理士法人キーストーン,1
竹内 友章,1
宇治商工会議所,1
税理士法人ウィズアス,1
黒川 剛史,1
岡本 亮,1
鯵坂 健太郎,1
山口育男,1
合同会社ブループランニング,1
吉田 真由美,1
木村 龍弥,1
藪 壽人,1
松川 浩士,1
比嘉孝明,1
西山 智久,1
税理士法人松岡会計事務所,1
市木 圭介,1
平 了輔,1
西山 優一郎,1
宮川 譲,1
廣瀬 秀一,1
岩永 愛,1
久 真也,1
串間商工会議所,1
原 和正,1
高鍋信用金庫,1
狭山商工会議所,1
税理士法人KTN,1
岩本 博至,1
新大阪総合税理士法人,1
篠原 英樹,1
ミカタ経営株式会社,1
税理士法人京都合同会計,1
松原 元,1
中谷 健太,1
税理士法人イデア,1
上田 行洋,1
茨木 純一,1
川口晃央,1
亀元 祐希,1
Ark税理士法人,1
岩浅 公三,1
大東商工会議所,1
柏山 行雄,1
宮崎 和宣,1
中廣 琢二,1
有田 文茂,1
福田 敦,1
中澤 悠平,1
株式会社イージーネット,1
三宅 伸,1
上杉 光一,1
小笹愛斗,1
宮崎第一信用金庫,1
松下 晶,1
村田 伸明,1
株式会社ASO,1
株式会社くろしお保育園,1
溝口 康隆,1
税理士法人スマイル,1
近藤 新次郎,1
泉佐野商工会議所,1
秋田 豊,1
松川 吉信,1
西谷 友香里,1
税理士法人京都経営,1
世古 建一,1
的場 俊雄,1
渡邊 良享,1
矢野 哲夫,1
弓手 宏亮,1
中谷 浩一,1
森田 茂樹,1
川井田 大育,1
熊田 裕美子,1
大分信用金庫,1
アトムコンサルティング株式会社,1
谷 浩忠,1
豊後高田商工会議所,1
EY税理士法人,1
沖縄商工会議所,1
甲斐 幸丈,1
株式会社トリプルバリュー,1
株式会社KJソリューションズ,1
幸松 慎太郎,1
松本 圭介,1
米本合同税理士法人,1
税理士法人みのり会計,1
宮崎 誠,1
岡田 嘉広,1
税理士法人川嶋総合会計,1
東大阪商工会議所,1
大西 森,1
森本 次郎,1
山口一也,1
税理士法人エヌズ,1
税理士法人FAパートナーズ,1
税理士法人とよのパートナーズ,1
長島 広明,1
税理士法人れいめい,1
株式会社つくばビジネスソリューション,1
税理士法人近代経営,1
榎並 忠樹,1
香川県信用組合,1
奄美信用組合,1
北村嘉章,1
松村 博,1
吉野川商工会議所,1
安岡 和孝,1
平井 吉信,1
福本 崇,1
島原商工会議所,1
阿南信用金庫,1
小松島商工会議所,1
ゆうきFAS九州株式会社,1
株式会社井上総合事務所,1
下関商工会議所,1
中田 哲也,1
AirEx Venture株式会社,1
山口県中小企業団体中央会,1
会計法人MSPGコンサルティング株式会社,1
税理士法人合同経営,1
Local Playing Games合同会社,1
西村 進,1
宇和島信用金庫,1
坂本 考弘,1
大西 正志,1
指宿商工会議所,1
佐々野 邦久,1
税理士法人やよい,1
中筋 一郎,1
松永 千登勢,1
税理士法人リモト,1
森田 正雄,1
近藤 猛,1
玉井 英樹,1
松 秀宣,1
大久保 伸二,1
高松商工会議所,1
亀山 勝幸,1
税理士法人多田羅会計事務所,1
北野 孝志,1
田村 俊幸,1
原田 総介,1
大村 真司,1
九州ひぜん信用金庫,1
しまなみ信用金庫,1
山本 直輝,1
税理士法人LEGARE,1
朝銀西信用組合,1
森永 正樹,1
山口 芳和,1
福島 理浩,1
印牧 秀晃,1
税理士法人石井会計,1
税理士法人田中会計,1
備前日生信用金庫,1
三矢 達朗,1
株式会社アルマ経営研究所,1
大林 裕之,1
税理士法人ブルーラックス,1
齊藤 雄一郎,1
阿部 公樹,1
松浦商工会議所,1
田久保 普三,1
税理士法人船倉事務所,1
広島県信用組合,1
菅田 茂樹,1
株式会社アルファ,1
公益財団法人ひろしま産業振興機構,1
菊池 孝太郎,1
松田 裕,1
有田 耕介,1
税理士法人あじさい会計,1
KYSコンサルティング株式会社,1
両備信用組合,1
長崎三菱信用組合,1
岡本 樹幸,1
税理士法人広島パートナーズ,1
池永経営会計税理士法人,1
府中商工会議所,1
三原商工会議所,1
近藤 将太郎,1
愛媛信用金庫,1
川之江信用金庫,1
株式会社安信,1
江藤 文仁,1
大川商工会議所,1
長生 信夫,1
福岡信用金庫,1
NBCコンサルタンツ株式会社,1
株式会社ことづくり,1
WING税理士法人,1
川内商工会議所,1
大牟田商工会議所,1
首藤 利幸,1
力丸 宣康,1
アネーラ税理士法人,1
宇野 裕,1
公益財団法人北九州産業学術推進機構,1
木原 敬吉,1
河津 祐二,1
田中 順,1
野村 真一,1
パスウェイコンサルティング株式会社,1
菅野 浩司,1
内田 義行,1
税理士法人SHUEI,1
田川商工会議所,1
松尾 雅人,1
九郎丸 宏一,1
古賀 光雄,1
税理士法人ai,1
飯田 展久,1
大牟田柳川信用金庫,1
近藤 保裕,1
税理士法人たかはし事務所,1
村 英子,1
西嶋 俊成,1
立石 修,1
加藤 圭示,1
税理士法人リライブ,1
税理士法人トライウィンコンサルティング,1
志村 俊郎,1
木月 章貴,1
西田 吉博,1
税理士法人甲南総合会計,1
舛田 希仁,1
久留 さつき,1
黒岩 延時,1
本田 隆博,1
山 義孝,1
武雄商工会議所,1
佐賀西信用組合,1
十時 広二,1
佐藤 健一郎,1
阿久津 公一,1
益永 真見子,1
森 茂樹,1
松岡 秀利,1
原 淳子,1
矢野 佑作,1
特定非営利活動法人こうち企業支援センター,1
税理士法人生駒会計,1
甲能 大輔,1
東予信用金庫,1
玉元 宏志,1
渡邉 滋朗,1
直方商工会議所,1
黒岩 延峰,1
中 隆穗,1
中田 眞二,1
税理士法人ロジエンス,1
酒井 康行,1
小西 豊樹,1
福岡ひびき信用金庫,1
飯塚商工会議所,1
税理士法人野田税務会計事務所,1
有田商工会議所,1
平野 謙二,1
佐賀商工会議所,1
一般社団法人佐賀県中小企業診断協会,1
松本 宏之,1
益塚 友和,1
渕上 耕司,1
新飼 賢郎,1
木原税理士法人,1
安 剛志,1
井上 右策,1
倉敷商工会議所,1
みそら税理士法人,1
税理士法人神戸あおぞら会計,1
西山 英志,1
株式会社ケーズパートナーズ,1
ReHug株式会社,1
村中 昭雄,1
小野 美治,1
税理士法人 悠久 杉本会計事務所,1
滝澤 久嗣,1
佐久間 貴士,1
森 翔太,1
人吉商工会議所,1
中央会計株式会社,1
三宅 真司,1
株式会社Essencimo,1
宮本 俊弘,1
熊本県信用組合,1
税理士法人 えびす会計,1
加西商工会議所,1
後藤 雅明,1
税理士法人銀河,1
合同会社照参会,1
上野 貴司,1
ひょうご税理士法人,1
赤塚 智哉,1
堀 芳郎,1
中島 丈道,1
伊原 百合枝,1
倉田 晃,1
小川 裕右,1
合同会社シー・アンド・ピー創造研究所,1
S&P税理士法人,1
坂本祐資,1
花岡 貴志,1
二藤 太地,1
多田 善計,1
兵庫県信用農業協同組合連合会,1
橋・永税理士法人,1
櫻井 雄太,1
税理士法人未来税務会計事務所,1
柏 之雄,1
津嘉山 朝之,1
税理士法人ゆびすい,1
牧田 祐輔,1
山鹿商工会議所,1
野尻 富也,1
岩 良子,1
吉野 恵子,1
芦田 恒志,1
藤井 光樹,1
岡野 充博,1
野村 早希,1
玉名商工会議所,1
津田 伸也,1
末永 義孝,1
砂 吉孝,1
トリプルグッド税理士法人,1
溝川 裕也,1
井手 庸文,1
日本経営ウィル税理士法人,1
多田 裕司,1
南波 剛,1
藤永 滋,1
アクツナカノ税理士法人,1
金城 一也,1
株式会社共立コンサルタント,1
TSA税理士法人,1
税理士法人細川総合パートナーズ,1
株式会社N総合会計コンサルティング,1
税理士法人ほはば,1
佐浦 有節,1
大田 敏信,1
平岩雅司,1
林田 高佳,1
原 伸行,1
野々口 精,1
中西武重,1
砂川 和敏,1
弘瀬 哲志,1
税理士法人さくらパートナーズ,1
FMBコンサルタンツ株式会社,1
上月 和彦,1
伴 拓真,1
アコード税理士法人,1
岡 京子,1
海南商工会議所,1
安里 匡平,1
水城 実,1
沼崎 健一,1
税理士法人きしゅう会計,1
前薗 浩也,1
荒尾商工会議所,1
岸川 勇生,1
ミレ信用組合,1
山田 順也,1
かなえ経営株式会社,1
岡田 啓秀,1
中村 誠,1
田中 道彦,1
安田 有一,1
中村 徹,1
角井 崇文,1
和歌山県中小企業団体中央会,1
植田 竜夫,1
塩谷 久枝,1
鹿児島興業信用組合,1
丸尾徳文,1
隈元 順一,1
ITプラン株式会社,1
株式会社さくら優和コンサルタント,1
日本海信用金庫,1
しまね信用金庫,1
松江商工会議所,1
益田商工会議所,1
安来商工会議所,1
島根県中小企業団体中央会,1
西村 信男,1
米子信用金庫,1
西日本税理士法人,1
アザレア税理士法人,1
山陰みらい税理士法人,1
藤田 香織,1
税理士法人KTリライアンス,1
一般社団法人公益活動サポートセンター,1
升谷道教,1
やまと税理士法人,1
トーマス株式会社,1
田中 洋介,1
小川 雅弘,1
荒巻税理士法人,1
天草信用金庫,1
島村 周作,1
渡辺 義明,1
株式会社MAC経営,1
株式会社ユニバー経営サポート,1
片山 崇,1
竹國 健,1
パートナー経営株式会社,1
島健二,1
公益財団法人ふくい産業支援センター,1
河野 剛寛,1
伊藤勢津子,1
高砂商工会議所,1
有限会社グリーン経営サービス,1
税理士法人森田事務所,1
塩尻 明夫,1
中村 清誉,1
株式会社アシスト,1
奥 光明,1
浅野 直人,1
税理士法人TGAIA,1
松永 敏明,1
八代商工会議所,1
有限会社三井経営研究所,1
川阪 伸一,1
税理士法人辻田会計事務所,1
瀬 博史,1
税理士法人アクアマリン,1
浜口 祐介,1
中兵庫信用金庫,1
税理士法人VERTEX,1
松谷 晴行,1
吉村 友彰,1
上田 誠,1
税理士法人きび合同会計,1
初鹿 武仁,1
野 智仁,1
株式会社テンポスフィナンシャルトラスト,1
小島 麻里,1
岡江真一,1
多田 陽子,1
灘部 隆志,1
長田 正人,1
税理士法人 米田会計事務所,1
小林 雄紀,1
西村伸郎,1
長田 和弘,1
税理士法人エム・エイ・シー京都,1
坂上 信一郎,1
中村 貴彦,1
ユナイテッド・アドバイザーズ株式会社,1
白井健吾,1
株式会社ネクシオ,1
Leaf税理士法人,1
星野 裕幸,1
坂本 亮,1
税理士法人横須賀・久保田,1
矢岳 幸太,1
税理士法人熊代事務所,1
野口 和義,1
税理士法人税制経営研究所,1
中 英明,1
東京信用金庫,1
税理士法人神田計理.SecondCFO,1
白原 匡樹,1
大西 剛広,1
税理士法人ブレイン綜合会計,1
塩 幹比古,1
清水 雅彦,1
株式会社エイネットコンサルタント,1
富田 秀昭,1
株式会社アパレル・コンサルティング,1
清水 一男,1
アカウンティングフォース税理士法人,1
船越 良人,1
鴫村 武志,1
橘 真美子,1
山川 博久,1
細谷晋一郎,1
土井 康二郎,1
経営標準化機構株式会社,1
稲田英一郎,1
税理士法人田尻会計,1
税理士法人つなぐ,1
三枝 俊英,1
坂下 勝明,1
斎藤 秀樹,1
トキワコンサルティング株式会社,1
菊地 智博,1
クレア税理士法人,1
有限会社マネジメントプロセス,1
今井 康晴,1
永田 朋之,1
渡辺健二,1
税理士法人第一会計コンサルタント,1
小竹 実,1
上田 曽太郎,1
丸山 隆,1
鶴間規文,1
木村 悦久,1
税理士法人高山会計,1
松戸商工会議所,1
山地 真吾,1
野田商工会議所,1
岩瀬 学,1
木元 英明,1
三田 修己,1
株式会社ブレークスルー,1
下山 秀雄,1
未来経営パートナーズ株式会社,1
長岡 孝之,1
松永 俊樹,1
株式会社ハッピー・メンター,1
丸山 敏幸,1
あいわ税理士法人,1
税理士法人大山・豊田会計事務所,1
ゼノンクリエイツ株式会社,1
小原 恭子,1
田中 謙二,1
青梅商工会議所,1
鈴木 崇史,1
嶋津幸男,1
寒竹 淳,1
米森 達也,1
渡邉 優,1
有限会社アサートアンドトラスト,1
松田 亮,1
西田 秀男,1
さくら税理士法人,1
小菅 章太郎,1
IKP税理士法人,1
河合 裕,1
市原商工会議所,1
瀧野川信用金庫,1
ゼロス税理士法人,1
板井川 浩,1
小林 雅彦,1
岩城 哲夫,1
税理士法人矢崎会計事務所,1
大平 清貴,1
山田 盛史,1
税理士法人HOP,1
道浦健治,1
表参道税理士法人,1
野畑 忠好,1
中村 領,1
税理士法人 AOIみらい,1
むさしの税理士法人,1
齋藤 義美,1
辻下 敏夫,1
有限会社銀河企画,1
渡辺 浩章,1
天笠 勝,1
池澤 睦明,1
辻田 和弘,1
税理士法人オフィス921,1
越沼 康明,1
税理士法人 ピーエフコンサルティング,1
中川 正文,1
土公 文平,1
潮田 和美,1
金子 康彦,1
石川 由也,1
叶内 理香,1
鳥山 昌久,1
屋代 勝幸,1
税理士法人新宿総合会計事務所,1
横堀 健,1
粕谷 智和,1
柴 悦史,1
合同会社エドエックス・ラボ,1
Art税理士法人,1
H.I.F.株式会社,1
キークレア税理士法人,1
小野里 秀研,1
河原 豊,1
臼谷 昌城,1
塚本 康幸,1
黒井 朝久,1
新井 美衣,1
河合 翔太,1
山口 良明,1
有限会社サステイナブル・デザイン,1
吉元秀樹,1
株式会社マイクリエイト,1
石田 秀光,1
株式会社クイック・ワーカー,1
税理士法人アクリア,1
株式会社アドベンチャーワン,1
横山 和志,1
飯島 一郎,1
木戸真智子,1
事業協同組合neconote,1
上山 竜太,1
佐藤 大心,1
東京三協信用金庫,1
株式会社ウィレコンサルティング,1
佐藤勝裕,1
川居 宗則,1
吉田 邦彦,1
牛島 巌,1
税理士法人シンフォニー,1
小森 孝一,1
工藤 工,1
坂野 直人,1
赤城 正孝,1
長谷川 綱雄,1
東信用組合,1
鈴木 清,1
共立信用組合,1
荒井 幸之助,1
税理士法人トップ会計事務所,1
小野寺 俊平,1
税理士法人だいち,1
税理士法人たいよう総合会計事務所,1
アイエクシード税理士法人,1
根井 大樹,1
坪井 豊明,1
古舘 雅史,1
イメージワーキングサービス株式会社,1
伊藤 智宜,1
上田 俊哉,1
多賀 俊二,1
佐藤  豊,1
石田 寿行,1
曽和 満高,1
坂本 信行,1
木寅 雅之,1
税理士法人のぞみ会計社,1
星野 武彰,1
鶴岡信用金庫,1
山形商工会議所,1
都筑 正之,1
菊地亮太,1
天童商工会議所,1
羽後信用金庫,1
アーセプトコンサルティング株式会社,1
佐々木雅樹,1
株式会社ダストボックス,1
五十嵐 忍,1
鶴岡商工会議所,1
後藤 俊朗,1
宮城第一信用金庫,1
小野寺 哲,1
田中 宏司,1
株式会社萼コンサルティング,1
風張 広美,1
税理士法人植松会計事務所,1
一般社団法人ビジネスサポート花巻,1
株式会社北上オフィスプラザ,1
きらやかコンサルティング&パートナーズ株式会社,1
山形信用金庫,1
Rita税理士法人,1
税理士法人和敬会,1
株式会社クロスタウン,1
畠山 佳樹,1
株式会社やまと経営,1
向原 俊之,1
森 滋昭,1
安藤 昌明,1
林 敦子,1
結城商工会議所,1
JP.フォスター税理士法人,1
土浦商工会議所,1
米沢信用金庫,1
鈴木 憲司,1
伊藤 圭佑,1
須賀川商工会議所,1
白河商工会議所,1
田村 俊和,1
岡本 崇志,1
税理士法人スフィーダ,1
税理士法人常陽経営,1
八矢 大作,1
一関商工会議所,1
佐藤税理士法人,1
飯田 保夫,1
飯泉 悟,1
税理士法人しらかば綜合会計事務所,1
税理士法人神田税理士事務所,1
アース税理士法人,1
帯広商工会議所,1
北空知信用金庫,1
丸山 昭一,1
税理士法人スクエア会計事務所,1
大川 和久,1
公益財団法人北海道中小企業総合支援センター,1
新野 秀行,1
金田 慎吾,1
早田 直弘,1
竹林 浩樹,1
本元 秀幸,1
シリウス税理士法人,1
佐藤真康,1
早坂 徳敏,1
一般財団法人旭川産業創造プラザ,1
戸枝 俊太,1
加藤 丈博,1
株式会社ノーススターラボ,1
税理士法人たいせつ,1
黒石商工会議所,1
税理士法人FPC,1
行政書士法人アップル経営コンサル,1
株式会社マネジメントパートナー・アオモリ,1
青森商工会議所,1
藤島 明義,1
相 周三,1
北海道信用金庫,1
札幌中央信用組合,1
苫小牧信用金庫,1
税理士法人中央会計事務所,1
野村 幸司,1
岩崎 公治,1
税理士法人明正会計,1
税理士法人TAP,1
辻村 英樹,1
農林中央金庫,1
北濱 慶,1
税理士法人小島会計,1
青木 孝志,1
遠軽信用金庫,1
一般財団法人さっぽろ産業振興財団(本部),1
Dynamic Strategy Consulting合同会社,1
水戸商工会議所,1
梅川 貢一郎,1
市川商工会議所,1
山田 慶,1
オリオン税理士法人,1
株式会社マネジメントパートナーズ,1
一般社団法人千葉県中小企業診断士協会,1
一般社団法人神奈川中小企業診断士会,1
株式会社イクルスマネジメント,1
藁 信博,1
瀬戸 正人,1
廣野 希,1
橋 創,1
株式会社IPJ,1
川邊 洋二,1
マックス総合税理士法人,1
青木信用金庫,1
田 進,1
三浦 清勝,1
氣谷 美鶴,1
市川 正一,1
石渡正雄,1
税理士法人けやきパートナーズ,1
吉田 宙,1
阿部 尚武,1
TFS国際税理士法人,1
株式会社ユア・ストラテジー,1
日下 一郎,1
君津信用組合,1
税理士法人アルカンシエル,1
姫田光太,1
古田 真由美,1
福永 健二,1
榑松 貴,1
村田 良一,1
安室 信成,1
税理士法人アピロ,1
税理士法人コンパス,1
千葉商工会議所,1
税理士法人みなと東京会計,1
税理士法人児島会計,1
公益財団法人千葉市産業振興財団,1
山崎健,1
ゆあすけっと合同会社,1
小笠原 裕,1
八千代商工会議所,1
安 智範,1
鈴木一郎,1
安元 計皓,1
上邑 芳和,1
原澤 秀樹,1
福田 秀幸,1
富岡商工会議所,1
奥村 公則,1
あかぎ信用組合,1
桐生商工会議所,1
小林 潤,1
前橋商工会議所,1
石村飛鷹,1
館林信用金庫,1
大和田 智則,1
小山 武仁,1
岡本 貴志,1
税理士法人児玉税経,1
大垣 博昭,1
栃木信用金庫,1
税理士法人平野会計事務所,1
蓮實 光博,1
吉田 博人,1
那須信用組合,1
芹田 弦,1
及川 愛,1
JIN&Partners株式会社,1
公益財団法人さいたま市産業創造財団,1
市川 義治,1
西山 和孝,1
橋 雅人,1
株式会社シーダブリューエム総合経営研究所,1
税理士法人TMコンサルティング,1
税理士法人K.A.O.,1
今橋 英士,1
税理士法人北村会計,1
喜安 英伸,1
山邨 正胤,1
渡邉勝次,1
太田商工会議所,1
久保田良則,1
大谷 周平,1
公益財団法人埼玉県産業振興公社,1
深谷商工会議所,1
猪 将一,1
上尾商工会議所,1
秩父商工会議所,1
コンピタント税理士法人,1
渡邊 太郎,1
イー・マネージ・コンサルティング協同組合,1
武多和 正光,1
笹谷 誠吾,1
橋本 昌幸,1
株式会社オオサワ・ビジネス・コンサルティング,1
疋田 通丈,1
一般社団法人日本経営パートナーズ,1
税理士法人アカウント,1
植松 誠,1
松浦裕,1
山脇保生,1
富士商工会議所,1
清水 進矢,1
袴田 淳,1
島田商工会議所,1
中野 一宏,1
飯塚 理恵,1
関戸 信晴,1
株式会社ポジティブブレイン,1
富士宮信用金庫,1
高柳 哲也,1
平野 巧,1
村松 昭宏,1
石井洋之,1
藤巻 かな江,1
青嶋 伸治,1
辻本 元彦,1
足立 剛,1
伊東 修平,1
常滑商工会議所,1
安城商工会議所,1
Rikyuコンサルティング合同会社,1
セントラル税理士法人,1
杉山 正和,1
税理士法人伊勢山会計,1
増田 建介,1
折口 隼耶,1
兼武 文範,1
戸越 裕介,1
税理士法人創経,1
税理士法人名古屋トラスト会計,1
税理士法人税金相談センター,1
土田 卓也,1
有限会社アイ・リンク・コンサルタント,1
税理士法人コンサルタンシー,1
株式会社咲楽,1
杉山 毅,1
焼津商工会議所,1
三島商工会議所,1
各務原商工会議所,1
伊藤静政,1
税理士法人成迫会計事務所,1
佐藤 香織,1
酒井 庄平,1
税理士法人白井会計事務所,1
長野商工会議所,1
フィッシュリップル株式会社,1
上田信用金庫,1
北原 竜也,1
渡邉 学,1
藤巻 雄司,1
大澤 宗一朗,1
松田 秀幸,1
北村 浩幸,1
公益財団法人長野県産業振興機構,1
氣賀澤 正門,1
株式会社ISTコンサルティング,1
税理士法人さくら中央会計,1
税理士法人橋詰会計事務所,1
飯田商工会議所,1
株式会社マネジメント・リライアンス,1
一般社団法人日本中小企業サポート協会,1
三井 和典,1
瑞浪商工会議所,1
八幡信用金庫,1
吉川 洋光,1
税理士法人中央総研,1
伊藤 初彦,1
柳原 靖子,1
高山信用金庫,1
三野島 徹,1
税理士法人青葉会,1
野間 民会,1
沼波 義修,1
税理士法人タックスアンドマネジメント,1
税理士法人NEXT,1
関信用金庫,1
岩本 秀巳,1
美濃加茂商工会議所,1
株式会社プレジデントワン,1
岐阜商工会議所,1
MMPCコンサルタンツ株式会社,1
遠藤 久志,1
伊藤智香,1
渡邊 万洋,1
羽根田 隆弘,1
公益財団法人中部科学技術センター,1
仁井田 修,1
桶屋 泰三,1
あらた税理士法人,1
株式会社みらいホールディングス,1
税理士法人麋城総合経営事務所,1
税理士法人 中田会計事務所,1
税理士法人ACT,1
上野商工会議所,1
鈴木 啓佑,1
中原 晃,1
篠原陽一,1
稲沢商工会議所,1
税理士法人総合経営,1
税理士法人 マネイジ,1
平家 勉,1
渡辺洋司,1
税理士法人ファルベ,1
崎 勇一,1
グロースリンク税理士法人,1
永山 寛正,1
税理士法人TMC,1
伊東 徳恭,1
豊橋商工会議所,1
鷲尾 みどり,1
松井 督卓,1
林 和夫,1
若林 邦久,1
林 勇作,1
税理士法人虎ノ門会計,1
八日市商工会議所,1
彦根商工会議所,1
税理士法人北浜・中西会計,1
有限会社あんしん会計,1
滋賀県信用組合,1
永野 隆幸,1
長浜信用金庫,1
湖東信用金庫,1
森 智,1
左近 和男,1
ひかり戦略パートナーズ株式会社,1
三須税理士法人,1
税理士法人イースリーパートナーズ,1
萬木 誠,1
澤井 美香,1
株式会社ミッドランド経営,1
亀山商工会議所,1
砂子 貢,1
税理士法人イマイズミ,1
税理士法人アイオン,1
かがやきコンサルティング株式会社,1
森島 章博,1
渡辺 真康,1
株式会社坂本&パートナー,1
株式会社はせべ経営,1
瀬戸商工会議所,1
長谷川 賢哉,1
米澤 真弓,1
松田 健,1
西川 彰紀,1
税理士法人大樹,1
伊藤 仁,1
愛知信用金庫,1
前田 正明,1
犬山商工会議所,1
税理士法人森田経営,1
安井得郎,1
税理士法人 いちゆう会計,1
奥原 清,1
横田 和博,1
税理士法人 タックスワン中部,1
森本 雄一,1
税理士法人コスモス,1
税理士法人中央会計社,1
株式会社森田経営,1
税理士法人 中央会計,1
税理士法人TAG経営,1
堀町 一夫,1
鈴木 熙,1
吉松 宏晃,1
東雲達哉,1
結城 渉史,1
水野 輝彦,1
村瀬 功,1
伊藤 達也,1
神谷 隆生,1
宮野 壽明,1
税理士法人内山会計,1
秋田 秀美,1
辻中 修,1
佐々木 寛,1
津島商工会議所,1
武田 侑也,1
インターグロー税理士法人,1
坂本 晃,1
橋詰秀幸,1
園原 庄三,1
株式会社アンカーマン,1
東栄信用金庫,1
野口洋岳,1
長塚 歩,1
税理士法人Soogol,1
税理士法人原田税務会計事務所,1
TOMA税理士法人,1
税理士法人東京フィナンシャル会計事務所,1
税理士法人スバル合同会計,1
佐々木 裕美子,1
加納 豊彦,1
坂田 喜代子,1
村田 祐己,1
小林 満義,1
スカイワード税理士法人,1
西原 憲臣,1
税理士法人SETACS,1
小林 奈緒,1
株式会社マイティータンク,1
山本 修一,1
秋山 尚子,1
小林 良介,1
茅 毅,1
木村俊治,1
フレンド税理士法人,1
長井 寿郎,1
相模原商工会議所,1
株式会社PQM総合研究所,1
株式会社リンケージ,1
前田 由美子,1
宮田 浩充,1
銀座K.T.C税理士法人,1
澤井 由式,1
岩下 文,1
税理士法人小形会計事務所,1
原島 清孝,1
澤口 洋輔,1
税理士法人ASSETS,1
柴田 宏之,1
飯島 伸博,1
河村 晴雄,1
KI税理士法人,1
税理士法人YMG林会計,1
川崎商工会議所,1
黒田 学,1
早田 文幸,1
細野 光生,1
三村 尚広,1
岩 信幸,1
才川 重久,1
全東栄信用組合,1
木佐谷 康,1
関口 大介,1
日本パートナー税理士法人,1
壁谷 英薫,1
泉 芳郎,1
江尻 晉介,1
長南 伸明,1
石川 和比古,1
辰巳 英城,1
五十嵐 由和,1
新井 一成,1
納塚 大,1
株式会社シンカ,1
JOBU合同会社,1
加藤 正憲,1
森口智志,1
中村 優,1
特定非営利活動法人東日本事業支援機構,1
荒川 竜太,1
礒川敦,1
BPS税理士法人,1
七島信用組合,1
二瓶 豊,1
松井 淳,1
中村 八州夫,1
税理士法人富士中央綜合事務所,1
北野 正彦,1
税理士法人ビランツ,1
碇 信一郎,1
松山 亮樹,1
TCA税理士法人,1
治田 千州,1
進藤 智裕,1
橋力也,1
ezison株式会社,1
小林 修,1
谷田 俊之,1
国本 明哲,1
株式会社ShareValue,1
税理士法人広中タックスサポート,1
税理士法人山田アンドパートナーズ,1
アイ・コンサルティング株式会社,1
税理士法人ゼニックス・コンサルティング,1
横山 和夫,1
東 俊道,1
大石幸紀,1
松本商工会議所,1
小林 弘昌,1
小松商工会議所,1
中村孝治,1
むかい税理士法人,1
古賀 雄子,1
税理士法人ノチデ会計,1
興能信用金庫,1
税理士法人マネジメント,1
藤井 雅英,1
松井 明則,1
はくさん信用金庫,1
税理士法人金沢セントラル会計事務所,1
宮崎 孝充,1
大丸経営コンサルティング株式会社,1
七尾商工会議所,1
金沢商工会議所,1
税理士法人サクセスブレイン,1
石動信用金庫,1
にいかわ信用金庫,1
金瀬 栄義,1
アシステム税理士法人,1
株式会社Avalanche Tech,1
税理士法人白山コンサルティング,1
猪瀬 素子,1
鈴木 尚剛,1
上田正史,1
税理士法人未来経営,1
駒ヶ根商工会議所,1
株式会社シェアードバリュー,1
藤原 範夫,1
本川 修一,1
山梨県民信用組合,1
深沢 邦秀,1
小口 一策,1
米倉 徹,1
税理士法人北陸会計,1
長田 忠幸,1
吉村 征浩,1
税理士法人日本綜研,1
藤野 恵子,1
税理士法人MOVE ON,1
木野 仁彦,1
勝山商工会議所,1
敦賀商工会議所,1
左近 政裕,1
氷見商工会議所,1
FUN税理士法人,1
行政書士法人INQ,1
税理士法人AKJパートナーズ,1
税理士法人SaNo,1
森 知樹,1
渡邊 一弘,1
片桐 新悟,1
株式会社フォワード・グッド,1
辻 徹,1
佐藤 成雄,1
熊倉 茂夫,1
株式会社マックコンサルタンツ,1
落合 和雄,1
andGc税理士法人,1
株式会社クフウシヤ,1
厚木商工会議所,1
海老名商工会議所,1
城ヶ 寛,1
安田 愛子,1
公益財団法人相模原市産業振興財団,1
松村 文子,1
高崎文秀,1
一般社団法人日本産業イノベーション研究所,1
青木 義剛,1
松本 純,1
新井信用金庫,1
三条商工会議所,1
糸魚川商工会議所,1
新潟縣信用組合,1
上越信用金庫,1
辻・重見税理士法人(辻は点が一つ),1
L&Bヨシダ税理士法人,1
平野 康晴,1
長岡信用金庫,1
協栄信用組合,1
税理士法人ミライテラス,1
新潟県中小企業団体中央会,1
一般社団法人日本経営士会,1
SMECコンサルタンツ株式会社,1
新潟大栄信用組合,1
西片 多門,1
県央税理士法人,1
加茂信用金庫,1
上越商工会議所,1
税理士法人 尾崎会計事務所,1
増馬 崇之,1
石原恵子,1
税理士法人タックスサポート・イトカズ,1
